No,Business Name,Category,Address,Phone,Website,Rating,Reviews,Google Maps URL,Search Query
1,"Saigon Office - Cho thuê văn phòng tại TPHCM","Office space rental agency","1 Trần Khánh Dư, Tân Định, Hồ Chí Minh 700000, Vietnam",+84 908 600 359,https://saigonoffice.com.vn/,4.9,125,"https://www.google.com/maps/search/?api=1&query=Saigon%20Office%20-%20Cho%20thu%C3%AA%20v%C4%83n%20ph%C3%B2ng%20t%E1%BA%A1i%20TPHCM&query_place_id=ChIJA2Z9-RcvdTERe-rK9y8Q3uo","offices Ho Chi Minh City Vietnam"
2,"G Office Chi nhánh Saigon Trade Center","Office space rental agency","37 Tôn Đức Thắng, Sài Gòn, Hồ Chí Minh 700000, Vietnam",+84 28 2220 0919,https://goffice.vn/,4.9,97,"https://www.google.com/maps/search/?api=1&query=G%20Office%20Chi%20nh%C3%A1nh%20Saigon%20Trade%20Center&query_place_id=ChIJ2Qh26UovdTERfhQEOT34xCE","offices Ho Chi Minh City Vietnam"
3,"Văn phòng trọn gói quận Tân Bình - Office Saigon","Office space rental agency","18e Cộng Hòa, Tân Sơn Nhất, Hồ Chí Minh, Vietnam",+84 987 110 011,https://www.officesaigon.vn/van-phong-tron-goi-quan-tan-binh.html,4.9,18,"https://www.google.com/maps/search/?api=1&query=V%C4%83n%20ph%C3%B2ng%20tr%E1%BB%8Dn%20g%C3%B3i%20qu%E1%BA%ADn%20T%C3%A2n%20B%C3%ACnh%20-%20Office%20Saigon&query_place_id=ChIJPWYT9pQvdTERw-aca_LRfGM","offices Ho Chi Minh City Vietnam"
4,"Office Saigon - Văn phòng trọn gói quận 1","Office space rental agency","29 Lê Duẩn, Sài Gòn, Hồ Chí Minh, Vietnam",+84 987 110 011,https://www.officesaigon.vn/,5,23,"https://www.google.com/maps/search/?api=1&query=Office%20Saigon%20-%20V%C4%83n%20ph%C3%B2ng%20tr%E1%BB%8Dn%20g%C3%B3i%20qu%E1%BA%ADn%201&query_place_id=ChIJvX-CHocpdTERh-OnQe2Sufk","offices Ho Chi Minh City Vietnam"
5,"Office Saigon - Cho thuê văn phòng tại HCM","Office space rental agency","164 Nguyễn Văn Thương, Thạnh Mỹ Tây, Hồ Chí Minh 700000, Vietnam",+84 987 110 011,https://www.officesaigon.vn/cho-thue-van-phong.html,5,361,"https://www.google.com/maps/search/?api=1&query=Office%20Saigon%20-%20Cho%20thu%C3%AA%20v%C4%83n%20ph%C3%B2ng%20t%E1%BA%A1i%20HCM&query_place_id=ChIJzwLj-ugpdTERs-KajpG3Bv8","offices Ho Chi Minh City Vietnam"
6,"Văn phòng Chi nhánh Tp.HCM - Công ty cổ phần Anh Phát Petro","Corporate office","2 Riverview 6, Sài Gòn, Hồ Chí Minh, Vietnam",,https://anhphatpetro.com.vn/,5,2,"https://www.google.com/maps/search/?api=1&query=V%C4%83n%20ph%C3%B2ng%20Chi%20nh%C3%A1nh%20Tp.HCM%20-%20C%C3%B4ng%20ty%20c%E1%BB%95%20ph%E1%BA%A7n%20Anh%20Ph%C3%A1t%20Petro&query_place_id=ChIJE1XvNwAvdTERXwD3oHxo0RE","offices Ho Chi Minh City Vietnam"
7,"Office for rent in district 3 - Office Saigon","Office space rental agency","147 Hai Bà Trưng, Xuân Hòa, Hồ Chí Minh 700000, Vietnam",+84 938 339 086,https://www.officeforrent.vn/,5,2,"https://www.google.com/maps/search/?api=1&query=Office%20for%20rent%20in%20district%203%20-%20Office%20Saigon&query_place_id=ChIJA_shtncrdTERGh8zwLiNkC8","offices Ho Chi Minh City Vietnam"
8,"LOOKOFFICE - Office Space For Rent District 1 HCMC","Office space rental agency","111a Pasteur, Sài Gòn, Hồ Chí Minh 700000, Vietnam",+84 398 716 459,https://lookoffice.vn/office-for-lease/ho-chi-minh/district-1,5,1,"https://www.google.com/maps/search/?api=1&query=LOOKOFFICE%20-%20Office%20Space%20For%20Rent%20District%201%20HCMC&query_place_id=ChIJcd7JgxcpdTER-LnckFHrMN4","offices Ho Chi Minh City Vietnam"
9,"Office Saigon - Cho thuê văn phòng quận 4","Office space rental agency","9 Đoàn Văn Bơ, Xóm Chiếu, Hồ Chí Minh, Vietnam",+84 987 110 011,https://www.officesaigon.vn/,5,10,"https://www.google.com/maps/search/?api=1&query=Office%20Saigon%20-%20Cho%20thu%C3%AA%20v%C4%83n%20ph%C3%B2ng%20qu%E1%BA%ADn%204&query_place_id=ChIJzU1hM6wpdTERdbYBMR-abtk","offices Ho Chi Minh City Vietnam"
10,"Lim Tower","Office space rental agency","9-11 Tôn Đức Thắng, Sài Gòn, Hồ Chí Minh 700000, Vietnam",+84 987 110 011,https://www.officesaigon.vn/toa-nha-lim-tower.html,4.2,249,"https://www.google.com/maps/search/?api=1&query=Lim%20Tower&query_place_id=ChIJea5vyU4vdTERmlNSbPrGU9o","offices Ho Chi Minh City Vietnam"
11,"Maison Office - Cho thuê văn phòng TP.HCM","Office space rental agency","ACM Building, 96 Cao Thắng, Bàn Cờ, Hồ Chí Minh 700000, Vietnam",+84 988 902 468,https://maisonoffice.vn/,4.2,50,"https://www.google.com/maps/search/?api=1&query=Maison%20Office%20-%20Cho%20thu%C3%AA%20v%C4%83n%20ph%C3%B2ng%20TP.HCM&query_place_id=ChIJNU4T86asNTERVODQC92MG2w","offices Ho Chi Minh City Vietnam"
12,"Office Saigon - Cho thuê văn phòng quận 1","Corporate office","36 Mạc Đĩnh Chi, Tân Định, Hồ Chí Minh 700000, Vietnam",+84 987 110 011,https://www.officesaigon.vn/,5,32,"https://www.google.com/maps/search/?api=1&query=Office%20Saigon%20-%20Cho%20thu%C3%AA%20v%C4%83n%20ph%C3%B2ng%20qu%E1%BA%ADn%201&query_place_id=ChIJm7fcFvgndTERwwzmgifKcKw","offices Ho Chi Minh City Vietnam"
13,"HQ Saigon Tower","Office space rental agency","Saigon Tower, 29 Lê Duẩn, Sài Gòn, Hồ Chí Minh, Vietnam",+84 28 3823 6286,https://www.hq.com/en/vietnam/ho-chi-minh/quan-mot?utm_source=google_uberall&utm_medium=places&utm_campaign=uberall&utm_content=uberall,4.6,28,"https://www.google.com/maps/search/?api=1&query=HQ%20Saigon%20Tower&query_place_id=ChIJbYfh7EkvdTERqqrs5qqgT8I","offices Ho Chi Minh City Vietnam"
14,"G Office Chi nhánh Vincom Center","Office space rental agency","72 Lê Thánh Tôn, Sài Gòn, Hồ Chí Minh 700000, Vietnam",+84 28 2220 0919,https://goffice.vn/,5,84,"https://www.google.com/maps/search/?api=1&query=G%20Office%20Chi%20nh%C3%A1nh%20Vincom%20Center&query_place_id=ChIJ2dLbLQAvdTEREzR-d7JKhP0","offices Ho Chi Minh City Vietnam"
15,"Office for lease in district 1 - Office Saigon","Office space rental agency","37 Tôn Đức Thắng, Sài Gòn, Hồ Chí Minh, Vietnam",+84 938 339 086,https://www.officeforrent.vn/,5,7,"https://www.google.com/maps/search/?api=1&query=Office%20for%20lease%20in%20district%201%20-%20Office%20Saigon&query_place_id=ChIJLSeQfowrdTERCvQ5JMnoB0k","offices Ho Chi Minh City Vietnam"
16,"The Executive Centre - Saigon Centre Tower 1","Coworking space","Level 14, Saigon Centre 1 No. 65 Le Loi, Ward, Street, Sài Gòn, Hồ Chí Minh 700000, Vietnam",+84 28 3971 9777,https://www.executivecentre.com/office-space/hcmc-saigon-centre-tower-1/?utm_campaign=gmb-listing,4.4,13,"https://www.google.com/maps/search/?api=1&query=The%20Executive%20Centre%20-%20Saigon%20Centre%20Tower%201&query_place_id=ChIJyyJAacsvdTERtRYRMuzx_yY","offices Ho Chi Minh City Vietnam"
17,"Văn phòng ảo quận 1 - Yes Office","Virtual office rental","68 Nguyễn Huệ, Sài Gòn, Hồ Chí Minh 700000, Vietnam",+84 942 688 339,https://yesoffice.com.vn/van-phong-ao/,4.8,48,"https://www.google.com/maps/search/?api=1&query=V%C4%83n%20ph%C3%B2ng%20%E1%BA%A3o%20qu%E1%BA%ADn%201%20-%20Yes%20Office&query_place_id=ChIJfwdvT3kvdTER44-vWVR1V2U","offices Ho Chi Minh City Vietnam"
18,"CENTER OFFICE","Office space rental agency","20B Trần Cao Vân, Sài Gòn, Hồ Chí Minh, Vietnam",+84 969 726 781,,5,18,"https://www.google.com/maps/search/?api=1&query=CENTER%20OFFICE&query_place_id=ChIJp-wpdqkvdTERIMbjRep0rG8","offices Ho Chi Minh City Vietnam"
19,"City Hub (임대 사무실)","Office space rental agency","31st Floor, Saigon Trade Center, 37 Tôn Đức Thắng, Sài Gòn, Hồ Chí Minh, Vietnam",+84 28 3910 0081,http://www.cityhub.com.sg/,5,3,"https://www.google.com/maps/search/?api=1&query=City%20Hub%20(%EC%9E%84%EB%8C%80%20%EC%82%AC%EB%AC%B4%EC%8B%A4)&query_place_id=ChIJT9E3OTcvdTERxyfwa8bBqWI","offices Ho Chi Minh City Vietnam"
20,"G Office Chi nhánh Cao Thắng Mall","Coworking space","19 Cao Thắng, Bàn Cờ, Hồ Chí Minh, Vietnam",+84 28 2220 0919,https://goffice.vn/,5,109,"https://www.google.com/maps/search/?api=1&query=G%20Office%20Chi%20nh%C3%A1nh%20Cao%20Th%E1%BA%AFng%20Mall&query_place_id=ChIJV2xI6ysvdTERbLGR06cRTBE","offices Ho Chi Minh City Vietnam"
21,"CityHouse - Kim Nguyen","Hotel","3 Trương Quốc Dung, Phường, Phú Nhuận, Hồ Chí Minh, Vietnam",+84 878 253 545,https://cityhousebooking.com/cityhouse-kim-nguyen-vi,4.4,123,"https://www.google.com/maps/search/?api=1&query=CityHouse%20-%20Kim%20Nguyen&query_place_id=ChIJQZ34G1UpdTERjMeQx1bZ0WQ","serviced apartments Ho Chi Minh City"
22,"Somerset Ho Chi Minh City","Serviced accommodation","8A Nguyễn Bỉnh Khiêm, Sài Gòn, Hồ Chí Minh 71007, Vietnam",+84 28 3822 8899,https://www.discoverasr.com/en/somerset-serviced-residence/vietnam/somerset-ho-chi-minh-city?utm_source=google&utm_medium=maps&utm_campaign=hq-google-maps-alwayson--all-en-vn-vn-somersethochiminhcity--gbp&--&cid=map::gg::hq:ind:::all:en:vn:vn:somersethochiminhcity:0:gbp:0:::,4.4,1363,"https://www.google.com/maps/search/?api=1&query=Somerset%20Ho%20Chi%20Minh%20City&query_place_id=ChIJjcFsvLQodTER1NOL5Iaxeok","serviced apartments Ho Chi Minh City"
23,"Sedona Suites Ho Chi Minh City","Hotel","67 Lê Lợi, Sài Gòn, Hồ Chí Minh, Vietnam",+84 28 3822 9888,https://www.sedonavietnam.com/,4.5,824,"https://www.google.com/maps/search/?api=1&query=Sedona%20Suites%20Ho%20Chi%20Minh%20City&query_place_id=ChIJdRwXXUcvdTER_epqc3PGm_s","serviced apartments Ho Chi Minh City"
24,"Somerset Vista Ho Chi Minh City","Serviced apartment","628C Võ Nguyên Giáp, An Khánh, Hồ Chí Minh, Vietnam",+84 28 6255 9900,https://www.discoverasr.com/en/somerset-serviced-residence/vietnam/somerset-vista-ho-chi-minh-city?utm_source=google&utm_medium=maps&utm_campaign=hq-google-maps-alwayson--all-en-vn-vn-somersetvistahochiminhcity--gbp&--&cid=map::gg::hq:ind:::all:en:vn:vn:somersetvistahochiminhcity:0:gbp:0:::,4.5,809,"https://www.google.com/maps/search/?api=1&query=Somerset%20Vista%20Ho%20Chi%20Minh%20City&query_place_id=ChIJk6dnT2smdTERG73bCbP9k-g","serviced apartments Ho Chi Minh City"
25,"Saigon South Serviced Apartments 2","Hotel","Phu My Hung, 35 Hưng Phước 4, Khu đô thị Phú Mỹ Hưng, Tân Hưng, Hồ Chí Minh 70000, Vietnam",+84 908 110 019,http://www.bnbhome.com.vn/,4.4,14,"https://www.google.com/maps/search/?api=1&query=Saigon%20South%20Serviced%20Apartments%202&query_place_id=ChIJsUDdl0MvdTERYrQFFdOhie8","serviced apartments Ho Chi Minh City"
26,"Susan House Saigon Serviced Apartments","Serviced accommodation","97 Nguyễn Thái Học, Cầu Ông Lãnh, Hồ Chí Minh, Vietnam",+84 912 005 036,http://susanhousesaigon.com/,4.3,8,"https://www.google.com/maps/search/?api=1&query=Susan%20House%20Saigon%20Serviced%20Apartments&query_place_id=ChIJrw2RAo0vdTERoQAOpRqBFs8","serviced apartments Ho Chi Minh City"
27,"AURORA SERVICED APARTMENTS","Hotel","103 Võ Văn Tần, Xuân Hòa, Hồ Chí Minh 700000, Vietnam",+84 28 3930 2356,https://northernaurora.vn/,4.2,77,"https://www.google.com/maps/search/?api=1&query=AURORA%20SERVICED%20APARTMENTS&query_place_id=ChIJka-bHTsvdTERFcDpUpi5sIw","serviced apartments Ho Chi Minh City"
28,"CityHouse - Lighthouse SaiGon","Hotel","179 Cô Giang, Cầu Ông Lãnh, Hồ Chí Minh, Vietnam",+84 878 253 545,https://cityhousebooking.com/,4.3,218,"https://www.google.com/maps/search/?api=1&query=CityHouse%20-%20Lighthouse%20SaiGon&query_place_id=ChIJsUS76qcvdTER_m5D-sBUlIg","serviced apartments Ho Chi Minh City"
29,"Oakwood Hotel & Apartments Saigon","Hotel","330A – 330B Đ. Ung Văn Khiêm, Thạnh Mỹ Tây, Hồ Chí Minh 700000, Vietnam",+84 28 3512 0011,https://www.discoverasr.com/en/oakwood/vietnam/oakwood-hotel-apartments-saigon?utm_source=google&utm_medium=maps&utm_campaign=hq-google-maps-alwayson--all-en-vn-vn-oakwoodhotelapartmentssaigon--gbp&--&cid=map::gg::hq:ind:::all:en:vn:vn:oakwoodhotelapartmentssaigon:0:gbp:0:::,4.7,495,"https://www.google.com/maps/search/?api=1&query=Oakwood%20Hotel%20%26%20Apartments%20Saigon&query_place_id=ChIJwXh3mHApdTERCA6KXbMPzeo","serviced apartments Ho Chi Minh City"
30,"Garden View Court Suites Ho Chi Minh City","Serviced accommodation","101 Nguyễn Du, Bến Thành, Hồ Chí Minh 710000, Vietnam",+84 28 3822 0022,https://www.gardenviewcourt.com.vn/,4.3,316,"https://www.google.com/maps/search/?api=1&query=Garden%20View%20Court%20Suites%20Ho%20Chi%20Minh%20City&query_place_id=ChIJX3odKkovdTERPRLbmLbHrs0","serviced apartments Ho Chi Minh City"
31,"Woody House Saigon Center","Holiday apartment rental","6/27 Cách Mạng Tháng Tám, Bến Thành, Hồ Chí Minh 70000, Vietnam",+84 969 529 809,https://www.facebook.com/WoodyHouseCMT8/?modal=admin_todo_tour,4.6,87,"https://www.google.com/maps/search/?api=1&query=Woody%20House%20Saigon%20Center&query_place_id=ChIJU3hR7aYvdTER5BXr87r1Tys","serviced apartments Ho Chi Minh City"
32,"CityHouse - City Oasis","Hotel","42/4 Hồ Hảo Hớn, Cầu Ông Lãnh, Hồ Chí Minh 700000, Vietnam",+84 878 253 545,https://cityhousebooking.com/en/cityhouse-cityoasis-apartmenthotel,4.2,473,"https://www.google.com/maps/search/?api=1&query=CityHouse%20-%20City%20Oasis&query_place_id=ChIJ-zu2Xu8vdTERLPK10znAl10","serviced apartments Ho Chi Minh City"
33,"Saigon Apartments","Short term apartment rental agency","2K Hồ Xuân Hương, Xuân Hòa, Hồ Chí Minh 70000, Vietnam",+84 28 3930 0313,http://saigonapartments.com.vn/,4.4,75,"https://www.google.com/maps/search/?api=1&query=Saigon%20Apartments&query_place_id=ChIJ7f0LtjovdTERYl8j1ROl53U","serviced apartments Ho Chi Minh City"
34,"Saigon Domaine Luxury Residences","Serviced accommodation","1057 Binh Quoi street, Bình Quới, ward, Bình Quới, Hồ Chí Minh 700000, Vietnam",+84 28 3556 6163,http://www.saigondomaine.com/,4.3,314,"https://www.google.com/maps/search/?api=1&query=Saigon%20Domaine%20Luxury%20Residences&query_place_id=ChIJSwo-9C4mdTERI4ZjNlZ6XH4","serviced apartments Ho Chi Minh City"
35,"Saigon South Serviced Apartments","Apartment building","R4-88 Hung phuoc 1, Phu my hung, Tan phong, Quan 7, Tân Hưng, Hồ Chí Minh 760000, Vietnam",+84 908 110 019,http://www.bnbhome.com.vn/,4.3,15,"https://www.google.com/maps/search/?api=1&query=Saigon%20South%20Serviced%20Apartments&query_place_id=ChIJkwWkUpAvdTERF0U4mF9-F58","serviced apartments Ho Chi Minh City"
36,"Sunny Hotel & Serviced Apartment","Hotel","26 Hưng Phước 4, Khu đô thị Phú Mỹ Hưng, Tân Hưng, Hồ Chí Minh 756600, Vietnam",+84 974 452 938,,4.6,58,"https://www.google.com/maps/search/?api=1&query=Sunny%20Hotel%20%26%20Serviced%20Apartment&query_place_id=ChIJLRvpaJEvdTERSgoktxUfKHo","serviced apartments Ho Chi Minh City"
37,"The Friday","Hotel","102/22 Đ. Cống Quỳnh, Bến Thành, Hồ Chí Minh 700000, Vietnam",+84 969 817 266,https://www.fridaysaigoncentre.com/,4.7,101,"https://www.google.com/maps/search/?api=1&query=The%20Friday&query_place_id=ChIJVVWqBhcvdTERJaWu_ouru20","serviced apartments Ho Chi Minh City"
38,"The Jade Apartments","Serviced accommodation","218/3 Nguyễn Thị Minh Khai, Xuân Hòa, Hồ Chí Minh 700000, Vietnam",+84 901 866 599,https://5hbysavihouse.com/,4.4,11,"https://www.google.com/maps/search/?api=1&query=The%20Jade%20Apartments&query_place_id=ChIJS4bvPuUvdTERjAJTgr58fbo","serviced apartments Ho Chi Minh City"
39,"Citadines Regency Saigon","Serviced accommodation","20-22 Phạm Ngọc Thạch, Xuân Hòa, Hồ Chí Minh, Vietnam",+84 28 3736 6666,,4.3,637,"https://www.google.com/maps/search/?api=1&query=Citadines%20Regency%20Saigon&query_place_id=ChIJqcLSMRsvdTERyDHJZmNrZ4I","serviced apartments Ho Chi Minh City"
40,"Somerset Chancellor Court Ho Chi Minh City","Hotel","21 - 23 Nguyễn Thị Minh Khai, Sài Gòn, Hồ Chí Minh 780000, Vietnam",+84 28 3822 9197,https://www.discoverasr.com/en/somerset-serviced-residence/vietnam/somerset-chancellor-court-ho-chi-minh-city?utm_source=google&utm_medium=maps&utm_campaign=hq-google-maps-alwayson--all-en-vn-vn-somersetchancellorcourthochiminhcity--gbp&--&cid=map::gg::hq:ind:::all:en:vn:vn:somersetchancellorcourthochiminhcity:0:gbp:0:::,4.4,889,"https://www.google.com/maps/search/?api=1&query=Somerset%20Chancellor%20Court%20Ho%20Chi%20Minh%20City&query_place_id=ChIJjcFsvLQodTERSmtkfEVTPFs","serviced apartments Ho Chi Minh City"
41,"Cobi Work – Coworking Space at Cobi Tower HCMC","Coworking space","Street 08 Đ. Tân Mỹ, Ward, Tân Mỹ, Hồ Chí Minh 72908, Vietnam",+84 369 888 282,https://www.instagram.com/cobiwork.vn/,4.9,73,"https://www.google.com/maps/search/?api=1&query=Cobi%20Work%20%E2%80%93%20Coworking%20Space%20at%20Cobi%20Tower%20HCMC&query_place_id=ChIJfRdwdt4ndTERnxDNJqTpdEY","coworking space Ho Chi Minh City Vietnam"
42,"SPACEP - Working & Study Space","Coworking space","17A Đặng Trần Côn, Bến Thành, Hồ Chí Minh 700000, Vietnam",+84 964 392 531,https://www.facebook.com/spacep.thestudyhub,4.9,267,"https://www.google.com/maps/search/?api=1&query=SPACEP%20-%20Working%20%26%20Study%20Space&query_place_id=ChIJP3hGWJUvdTERXmBs-7MghQ4","coworking space Ho Chi Minh City Vietnam"
43,"Saigon Coworking - Thao Dien","Coworking space","204C Nguyễn Văn Hưởng, An Khánh, Hồ Chí Minh 700000, Vietnam",+84 985 214 093,https://saigoncoworking.com/,4.6,14,"https://www.google.com/maps/search/?api=1&query=Saigon%20Coworking%20-%20Thao%20Dien&query_place_id=ChIJ5dl3DLYndTERxg2_k34PSoc","coworking space Ho Chi Minh City Vietnam"
44,"Sharespace Nguyễn Công Trứ","Coworking space","Địa chỉ cũ và mới: 92-98, 98 Nguyễn Công Trứ, phường, Sài Gòn, Hồ Chí Minh, Vietnam",+84 342 429 279,http://sharespace.vn/,4.6,98,"https://www.google.com/maps/search/?api=1&query=Sharespace%20Nguy%E1%BB%85n%20C%C3%B4ng%20Tr%E1%BB%A9&query_place_id=ChIJAfo46SwvdTERoq1284Sgs3c","coworking space Ho Chi Minh City Vietnam"
45,"S&Z INVEST JOINT STOCK COMPANY","Coworking space","92A Nguyễn Hữu Cảnh, Saigon Pearl, Thạnh Mỹ Tây, Hồ Chí Minh, Vietnam",+84 941 155 454,https://www.helloworldhcm.com/,4.6,119,"https://www.google.com/maps/search/?api=1&query=S%26Z%20INVEST%20JOINT%20STOCK%20COMPANY&query_place_id=ChIJ8xtnZU0pdTERyibOuLgMwwM","coworking space Ho Chi Minh City Vietnam"
46,"TINI COWORKING","Coworking space","152 Võ Văn Kiệt, Bến Thành, Hồ Chí Minh 700000, Vietnam",+84 965 678 910,https://tinicoworking.com/,4.8,181,"https://www.google.com/maps/search/?api=1&query=TINI%20COWORKING&query_place_id=ChIJLcc-pzsvdTER-JKGIpm6iko","coworking space Ho Chi Minh City Vietnam"
47,"Work Easy Coworking Space","Coworking space","3 Nguyễn Lương Bằng, Khu đô thị Phú Mỹ Hưng, Tân Mỹ, Hồ Chí Minh 72908, Vietnam",+84 333 556 687,https://workeasy.vn/,4.7,108,"https://www.google.com/maps/search/?api=1&query=Work%20Easy%20Coworking%20Space&query_place_id=ChIJg5IAE0UvdTEROPF7WzMgnQQ","coworking space Ho Chi Minh City Vietnam"
48,"WorkFlow Thảo Điền - Working Space & Café","Coworking space","39 Nguyễn Duy Hiệu, An Khánh, Hồ Chí Minh, Vietnam",+84 944 886 060,,4.7,309,"https://www.google.com/maps/search/?api=1&query=WorkFlow%20Th%E1%BA%A3o%20%C4%90i%E1%BB%81n%20-%20Working%20Space%20%26%20Caf%C3%A9&query_place_id=ChIJkfsaXES_aIYRzc8XE6wZZ2E","coworking space Ho Chi Minh City Vietnam"
49,"C-Space Coworking Office","Coworking space","62 Võ Văn Tần, Xuân Hòa, Hồ Chí Minh, Vietnam",+84 945 909 397,https://www.facebook.com/cspace62/,4.9,172,"https://www.google.com/maps/search/?api=1&query=C-Space%20Coworking%20Office&query_place_id=ChIJi5SggfEvdTERHWIjWFtJlBA","coworking space Ho Chi Minh City Vietnam"
50,"the Hive Thao Dien","Coworking space","the Hive, 94 Xuân Thủy, An Khánh, Hồ Chí Minh 713385, Vietnam",+84 28 3620 3481,https://thehive.com.vn/,4.5,196,"https://www.google.com/maps/search/?api=1&query=the%20Hive%20Thao%20Dien&query_place_id=ChIJDZpz_xkmdTERp4ox5YRf3ng","coworking space Ho Chi Minh City Vietnam"
51,"the Hive District 1","Coworking space","Huỳnh Khương Ninh/26 Ward, Street, Tân Định, Hồ Chí Minh 700000, Vietnam",+84 28 6686 3481,https://thehived1.com/,4.7,63,"https://www.google.com/maps/search/?api=1&query=the%20Hive%20District%201&query_place_id=ChIJB7ZTfA0pdTER8FjIuHEiU0w","coworking space Ho Chi Minh City Vietnam"
52,"the Hive Villa","Coworking space","29 Nguyễn Bá Lân, An Khánh, Hồ Chí Minh 713385, Vietnam",+84 28 6680 3481,https://thehivevilla.com/,4.7,106,"https://www.google.com/maps/search/?api=1&query=the%20Hive%20Villa&query_place_id=ChIJ0bGWhREndTERDEv4xgNNFEI","coworking space Ho Chi Minh City Vietnam"
53,"MindX Startup Space (Phạm Ngũ Lão)","Coworking space","Tòa nhà International Plaza, 343 Phạm Ngũ Lão, Bến Thành, Hồ Chí Minh 700000, Vietnam",+84 377 926 660,https://www.mindxspace.com/,4.7,58,"https://www.google.com/maps/search/?api=1&query=MindX%20Startup%20Space%20(Ph%E1%BA%A1m%20Ng%C5%A9%20L%C3%A3o)&query_place_id=ChIJJ6wNB7kvdTERVt3PJ9SoKmA","coworking space Ho Chi Minh City Vietnam"
54,"cirCO Hoang Dieu","Coworking space","384 Hoàng Diệu, Khánh Hội, Hồ Chí Minh, Vietnam",+84 28 7108 9899 ext. 2203,http://circo.co/,4.3,312,"https://www.google.com/maps/search/?api=1&query=cirCO%20Hoang%20Dieu&query_place_id=ChIJE_kvORMvdTERrpwFs2TnAhg","coworking space Ho Chi Minh City Vietnam"
55,"WorkFlow Space Hai Bà Trưng","Coworking space","Hẻm 195 Hai Bà Trưng, Xuân Hòa, Hồ Chí Minh, Vietnam",+84 869 955 570,,4.5,416,"https://www.google.com/maps/search/?api=1&query=WorkFlow%20Space%20Hai%20B%C3%A0%20Tr%C6%B0ng&query_place_id=ChIJI5y5W_QvdTERuUYQtIW-CA4","coworking space Ho Chi Minh City Vietnam"
56,"Saigon Coworking - Phu Nhuan","Coworking space","101 Cù Lao, Cầu Kiệu, Hồ Chí Minh 700000, Vietnam",+84 985 214 093,https://saigoncoworking.com/,4.3,12,"https://www.google.com/maps/search/?api=1&query=Saigon%20Coworking%20-%20Phu%20Nhuan&query_place_id=ChIJryKesdEodTER6Ql76w6IsI4","coworking space Ho Chi Minh City Vietnam"
57,"Toong - Phạm Ngọc Thạch","Coworking space","1bis Phạm Ngọc Thạch, Sài Gòn, Hồ Chí Minh, Vietnam",,,4.7,19,"https://www.google.com/maps/search/?api=1&query=Toong%20-%20Ph%E1%BA%A1m%20Ng%E1%BB%8Dc%20Th%E1%BA%A1ch&query_place_id=ChIJh5a5NAAvdTERzXz8b8R8eFk","coworking space Ho Chi Minh City Vietnam"
58,"SOUTH GROUND Co.working & Cafe - Pasteur","Coworking space","230/17 Pasteur, Xuân Hòa, Hồ Chí Minh 700000, Vietnam",+84 28 8891 0706,https://www.facebook.com/southgroundcoffee,4.8,245,"https://www.google.com/maps/search/?api=1&query=SOUTH%20GROUND%20Co.working%20%26%20Cafe%20-%20Pasteur&query_place_id=ChIJ7d4Nij8vdTERwG_sp_V_EKU","coworking space Ho Chi Minh City Vietnam"
59,"The Sentry Z","Coworking space","25A/1 Nguyễn Bỉnh Khiêm, Sài Gòn, Hồ Chí Minh, Vietnam",+84 969 067 845,https://thesentry.com.vn/,4.3,30,"https://www.google.com/maps/search/?api=1&query=The%20Sentry%20Z&query_place_id=ChIJ46NnV24vdTERWZL-ZzogsaQ","coworking space Ho Chi Minh City Vietnam"
60,"Toong - Võ Thị Sáu","Coworking space","188 Võ Thị Sáu, Xuân Hòa, Hồ Chí Minh 700000, Vietnam",,http://toong.asia/,4.5,30,"https://www.google.com/maps/search/?api=1&query=Toong%20-%20V%C3%B5%20Th%E1%BB%8B%20S%C3%A1u&query_place_id=ChIJw6fSLtsvdTER4fFPs3yP0yE","coworking space Ho Chi Minh City Vietnam"
61,"PT Building","Office space rental agency","180 Nam Kỳ Khởi Nghĩa, Xuân Hòa, Hồ Chí Minh, Vietnam",+84 987 110 011,https://www.officesaigon.vn/,4,3,"https://www.google.com/maps/search/?api=1&query=PT%20Building&query_place_id=ChIJXenpMjcvdTER0aPH9ACAEvA","offices Ho Chi Minh City Vietnam"
62,"Vietnamhouse Inc.","Property management company","Hoàng Sa/9 ward, Sài Gòn, Hồ Chí Minh, Vietnam",+84 28 3911 2100,https://vietnamhouse.jp/,4.9,333,"https://www.google.com/maps/search/?api=1&query=Vietnamhouse%20Inc.&query_place_id=ChIJTSD2AmomdTERm6ax01mpZcg","property management company Ho Chi Minh City"
63,"Rentapartment Agency","Apartment rental agency","P7/208 Nguyễn Hữu Cảnh, Vinhomes Tân Cảng, Thạnh Mỹ Tây, Hồ Chí Minh 700000, Vietnam",+84 903 044 551,https://rentapartment.vn/,4.6,24,"https://www.google.com/maps/search/?api=1&query=Rentapartment%20Agency&query_place_id=ChIJVdfJR8cpdTERO1ub_PVWknU","property management company Ho Chi Minh City"
64,"Công ty CP Saigon Apartment Management","Corporate office","3-5 Đ. Số 7, An Khánh, Hồ Chí Minh, Vietnam",+84 28 6275 7479,https://saigonam.com.vn/,3,2,"https://www.google.com/maps/search/?api=1&query=C%C3%B4ng%20ty%20CP%20Saigon%20Apartment%20Management&query_place_id=ChIJkXmPKgAldTEROr_gsrsXRIw","property management company Ho Chi Minh City"
65,"Honeycomb","Real estate agency","Villa 26C Road no. 10, Thao Dien Ward, An Khánh, Hồ Chí Minh 700000, Vietnam",+84 906 358 359,https://www.honeycomb.vn/,4.8,227,"https://www.google.com/maps/search/?api=1&query=Honeycomb&query_place_id=ChIJiwk-hKsodTER-GQwinZH-ZY","property management company Ho Chi Minh City"
66,"Housing Saigon","Apartment rental agency","1/6 Đ. Hồ Biểu Chánh, Phú Nhuận, Hồ Chí Minh 72207, Vietnam",+84 941 009 153,https://housingsgn.com/,3.8,9,"https://www.google.com/maps/search/?api=1&query=Housing%20Saigon&query_place_id=ChIJNQRe0qQpdTERY7FpTk29N10","property management company Ho Chi Minh City"
67,"PVTO I Vietnam Real Estate I Saigon Property","Property management company","Landmark 1, Vinhomes Tân Cảng, Thạnh Mỹ Tây, Hồ Chí Minh, Vietnam",+84 798 300 029,http://www.vto.org.vn/vto,5,1,"https://www.google.com/maps/search/?api=1&query=PVTO%20I%20Vietnam%20Real%20Estate%20I%20Saigon%20Property&query_place_id=ChIJM1JC1CcpdTERLXeHCUqc9h8","property management company Ho Chi Minh City"
68,"N-Asset Vietnam Company Limited","Property management company","31C Lý Tự Trọng, Sài Gòn, Hồ Chí Minh, Vietnam",+84 28 3822 4300,https://n-asset-vietnam.vn/,4.8,44,"https://www.google.com/maps/search/?api=1&query=N-Asset%20Vietnam%20Company%20Limited&query_place_id=ChIJPQC88EgvdTERZQm3k3bv278","property management company Ho Chi Minh City"
69,"Công Ty BDS Anh Nguyễn - Anh Nguyen Real Estate Ltd","Property management company","10 Đường Nội Khu 1, Khu đô thị Phú Mỹ Hưng, Tân Mỹ, Hồ Chí Minh, Vietnam",+84 913 780 858,https://anhnguyenrealty.com/,4.9,21,"https://www.google.com/maps/search/?api=1&query=C%C3%B4ng%20Ty%20BDS%20Anh%20Nguy%E1%BB%85n%20-%20Anh%20Nguyen%20Real%20Estate%20Ltd&query_place_id=ChIJAQBwVmcldTERURKaEsaOIis","property management company Ho Chi Minh City"
70,"JLL Ho Chi Minh City Real Estate","Property management company","26/F Saigon Trade Center, 37 Tôn Đức Thắng, Sài Gòn, Hồ Chí Minh 70000, Vietnam",+84 28 3911 9399,https://www.jll.com/en-sea/locations/ho-chi-minh-city,3.2,17,"https://www.google.com/maps/search/?api=1&query=JLL%20Ho%20Chi%20Minh%20City%20Real%20Estate&query_place_id=ChIJjWUFxUsvdTERjuGQfjI0jH4","property management company Ho Chi Minh City"
71,"Suzuki Real Estate Vietnam","Real estate agency","21j Nguyễn Hữu Cảnh, Thạnh Mỹ Tây, Hồ Chí Minh, Vietnam",+84 914 408 621,https://asia-prop.com/,5,57,"https://www.google.com/maps/search/?api=1&query=Suzuki%20Real%20Estate%20Vietnam&query_place_id=ChIJ6YTILxEvdTER8pncUL4E_y4","property management company Ho Chi Minh City"
72,"Saigon Properties","Real estate rental agency","Vincom Center, 72 Le Thanh Ton, Ben Nghe ward, district 1, Room 17-11, Sài Gòn, Hồ Chí Minh 700000, Vietnam",+84 903 946 517,https://www.saigonproperties.com/,2.5,2,"https://www.google.com/maps/search/?api=1&query=Saigon%20Properties&query_place_id=ChIJ2-b1LkkvdTERq84F8mOAiaQ","property management company Ho Chi Minh City"
73,"Bất Động Sản Nhà Phố Corner Land","Property management company","118 Pasteur, Sài Gòn, Hồ Chí Minh, Vietnam",+84 944 555 605,https://nhagoc.vn/,5,15,"https://www.google.com/maps/search/?api=1&query=B%E1%BA%A5t%20%C4%90%E1%BB%99ng%20S%E1%BA%A3n%20Nh%C3%A0%20Ph%E1%BB%91%20Corner%20Land&query_place_id=ChIJdyG0s_wvdTER0CGP6JZ0X0s","property management company Ho Chi Minh City"
74,"Windsor Property Management Group Corporation (WMC GROUP)","Property management company","193 Trần Hưng Đạo, Cầu Ông Lãnh, Hồ Chí Minh, Vietnam",+84 28 3838 8900,http://www.wmcvietnam.com/,5,3,"https://www.google.com/maps/search/?api=1&query=Windsor%20Property%20Management%20Group%20Corporation%20(WMC%20GROUP)&query_place_id=ChIJiW0EcRYvdTERspgsw-8VwtQ","property management company Ho Chi Minh City"
75,"Essential Property Management","Property management company","08 Nguyễn Huệ, Sài Gòn, Hồ Chí Minh 700000, Vietnam",+84 911 905 726,,,0,"https://www.google.com/maps/search/?api=1&query=Essential%20Property%20Management&query_place_id=ChIJG-VhJCYvdTER5Hffif01idU","property management company Ho Chi Minh City"
76,"ProHOUSE Real Estate","Real estate rental agency","D3.06 The Symphony, Midtown M6, Street no 16, Tân Mỹ, Hồ Chí Minh 700000, Vietnam",+84 908 280 293,http://www.prohouse.com.vn/,4.8,63,"https://www.google.com/maps/search/?api=1&query=ProHOUSE%20Real%20Estate&query_place_id=ChIJKdXTpWAldTERy2mP5N1ErQA","property management company Ho Chi Minh City"
77,"THE EMPEROR OF SAIGON","Short term apartment rental agency","155 Bến Vân Đồn, Khánh Hội, Hồ Chí Minh 70000, Vietnam",+84 962 202 351,https://blog.naver.com/tony_park1,5,86,"https://www.google.com/maps/search/?api=1&query=THE%20EMPEROR%20OF%20SAIGON&query_place_id=ChIJ1ffODSAvdTER6zpVmlznE94","property management company Ho Chi Minh City"
78,"Property Hub Vietnam","Real estate agency","720A Điện Biên Phủ, Khu Tân Cảng, Thạnh Mỹ Tây, Hồ Chí Minh 700000, Vietnam",+84 938 398 680,,5,1,"https://www.google.com/maps/search/?api=1&query=Property%20Hub%20Vietnam&query_place_id=ChIJvWPgwYIpdTERmgjckKpL-s0","property management company Ho Chi Minh City"
79,"AProperties Vietnam","Real estate developer","MOT BAY CHIN, 179 Điện Biên Phủ, Tân Định, Hồ Chí Minh, Vietnam",+84 906 905 883,https://www.aproperties.vn/,5,1,"https://www.google.com/maps/search/?api=1&query=AProperties%20Vietnam&query_place_id=ChIJDWHZqLgvdTERVeTZ0_RmN50","property management company Ho Chi Minh City"
80,"Premier Realty","Property administration service","92 Nguyễn Hữu Cảnh, Saigon Pearl, Thạnh Mỹ Tây, Hồ Chí Minh 700000, Vietnam",+84 908 078 995,https://premierrealty.vn/,5,12,"https://www.google.com/maps/search/?api=1&query=Premier%20Realty&query_place_id=ChIJxZEQnasodTERFTT4RFn2cN0","property management company Ho Chi Minh City"
81,"168 Property","Real estate agency","B19.01, 12 Quốc Hương, Street, An Khánh, Hồ Chí Minh, Vietnam",+84 938 622 338,https://168property.vn/,4.7,55,"https://www.google.com/maps/search/?api=1&query=168%20Property&query_place_id=ChIJz4MdxMondTERCujoSmM9sRE","property management company Ho Chi Minh City"
82,"The Waterfront Saigon","Office space rental agency","1-1A-2, Tôn Đức Thắng, Sài Gòn, Hồ Chí Minh, Vietnam",+84 987 110 011,https://www.officesaigon.vn/toa-nha-the-waterfront-saigon.html,4,80,"https://www.google.com/maps/search/?api=1&query=The%20Waterfront%20Saigon&query_place_id=ChIJT6Dc4U4vdTERc1qmr_s_S1I","offices Ho Chi Minh City Vietnam"
83,"Hoozing Company","Real estate consultant","126 Trương Văn Bang, Cát Lái, Hồ Chí Minh, Vietnam",+84 906 663 265,https://hoozing.com/,4.7,66,"https://www.google.com/maps/search/?api=1&query=Hoozing%20Company&query_place_id=ChIJVX-9lH0vdTER-FERsR0STdU","property management company Ho Chi Minh City"
84,"Highgate Vietnam","Property management company","Empress Tower, 142 Hai Bà Trưng, Sài Gòn, Hồ Chí Minh 100000, Vietnam",+84 28 7300 4247,http://www.highgate.vn/,2.3,3,"https://www.google.com/maps/search/?api=1&query=Highgate%20Vietnam&query_place_id=ChIJFTNjrjIvdTER4knrmQJVmuo","property management company Ho Chi Minh City"
85,"PD Real Estate Co., Ltd","Industrial real estate agency","37 Tôn Đức Thắng, Sài Gòn, Hồ Chí Minh 700000, Vietnam",,https://www.pdreal.com/,5,2,"https://www.google.com/maps/search/?api=1&query=PD%20Real%20Estate%20Co.%2C%20Ltd&query_place_id=ChIJ43kb8movdTEROFv9tGprdFQ","property management company Ho Chi Minh City"
86,"Saigon Property","Real estate consultant","246 Cống Quỳnh, Cầu Ông Lãnh, Hồ Chí Minh 70000, Vietnam",+84 906 879 828,https://saigonproperty.vn/,5,10,"https://www.google.com/maps/search/?api=1&query=Saigon%20Property&query_place_id=ChIJPb_NofUvdTERFI8vZ7RoH-M","property management company Ho Chi Minh City"
87,"IPS - Independent Property Service","Property management company","04 Đường Số 4, KBT Sông Ông Lớn, Bình Hưng, Hồ Chí Minh 700000, Vietnam",+84 918 807 863,https://ipscorp.vn/,4.9,52,"https://www.google.com/maps/search/?api=1&query=IPS%20-%20Independent%20Property%20Service&query_place_id=ChIJX47iZssvdTERGPuCuU2PBp4","property management company Ho Chi Minh City"
88,"Văn phòng hạng A - Office Saigon","Office space rental agency","100 Nguyễn Huệ, Sài Gòn, Hồ Chí Minh, Vietnam",+84 987 110 011,https://www.officesaigon.vn/van-phong-hang-a.html,5,7,"https://www.google.com/maps/search/?api=1&query=V%C4%83n%20ph%C3%B2ng%20h%E1%BA%A1ng%20A%20-%20Office%20Saigon&query_place_id=ChIJT64AEOAvdTERAkeu1VOTL7I","offices Ho Chi Minh City Vietnam"
89,"Thuê văn phòng tại tòa nhà CJ Tower - Office Saigon","Office space rental agency","6 Lê Thánh Tôn, Sài Gòn, Hồ Chí Minh, Vietnam",+84 987 110 011,https://www.officesaigon.vn/toa-nha-cj-tower.html,5,3,"https://www.google.com/maps/search/?api=1&query=Thu%C3%AA%20v%C4%83n%20ph%C3%B2ng%20t%E1%BA%A1i%20t%C3%B2a%20nh%C3%A0%20CJ%20Tower%20-%20Office%20Saigon&query_place_id=ChIJqd7i0NYvdTERHA8mJW-jK4k","offices Ho Chi Minh City Vietnam"
90,"Văn phòng hạng B - Office Saigon","Office space rental agency","1 Võ Văn Tần, Xuân Hòa, Hồ Chí Minh, Vietnam",+84 987 110 011,https://www.officesaigon.vn/van-phong-hang-b.html,5,8,"https://www.google.com/maps/search/?api=1&query=V%C4%83n%20ph%C3%B2ng%20h%E1%BA%A1ng%20B%20-%20Office%20Saigon&query_place_id=ChIJz8WrXeAvdTERNUxH9WMvw9k","offices Ho Chi Minh City Vietnam"
91,"Văn phòng cho thuê quận 1 - Office Saigon","Office space rental agency","115 Nguyễn Huệ, Sài Gòn, Hồ Chí Minh 70000, Vietnam",+84 987 110 011,https://www.officesaigon.vn/van-phong-cho-thue-quan-1.html,5,9,"https://www.google.com/maps/search/?api=1&query=V%C4%83n%20ph%C3%B2ng%20cho%20thu%C3%AA%20qu%E1%BA%ADn%201%20-%20Office%20Saigon&query_place_id=ChIJq6EOXHMndTERdG3RXpX0umw","offices Ho Chi Minh City Vietnam"
92,"Tòa nhà Saigon Riverside Office Center - Office Saigon","Office space rental agency","2-3 Tôn Đức Thắng, Sài Gòn, Hồ Chí Minh, Vietnam",+84 987 110 011,https://www.officesaigon.vn/toa-nha-saigon-river-side-office-building.html,4.2,210,"https://www.google.com/maps/search/?api=1&query=T%C3%B2a%20nh%C3%A0%20Saigon%20Riverside%20Office%20Center%20-%20Office%20Saigon&query_place_id=ChIJ3UD2Xk8vdTERnCSm5jGO1Bw","offices Ho Chi Minh City Vietnam"
93,"Văn phòng cho thuê quận 4 - Office Saigon","Office space rental agency","3 Đ. Nguyễn Tất Thành, Xóm Chiếu, Hồ Chí Minh 700000, Vietnam",+84 987 110 011,https://www.officesaigon.vn/van-phong-cho-thue-quan-4.html,5,12,"https://www.google.com/maps/search/?api=1&query=V%C4%83n%20ph%C3%B2ng%20cho%20thu%C3%AA%20qu%E1%BA%ADn%204%20-%20Office%20Saigon&query_place_id=ChIJ8_9HU6svdTERYo1C-wpK6yg","offices Ho Chi Minh City Vietnam"
94,"Văn phòng trọn gói Quận 1 - Office Saigon","Office space rental agency","33 Lê Duẩn, Sài Gòn, Hồ Chí Minh, Vietnam",+84 987 110 011,https://www.officesaigon.vn/van-phong-tron-goi-quan-1.html,5,9,"https://www.google.com/maps/search/?api=1&query=V%C4%83n%20ph%C3%B2ng%20tr%E1%BB%8Dn%20g%C3%B3i%20Qu%E1%BA%ADn%201%20-%20Office%20Saigon&query_place_id=ChIJtyo7QF4vdTERMy5snUKfb00","offices Ho Chi Minh City Vietnam"
95,"Tòa nhà Friendship Tower - Office Saigon","Office space rental agency","31 Lê Duẩn, Sài Gòn, Hồ Chí Minh 700000, Vietnam",+84 987 110 011,https://www.officesaigon.vn/toa-nha-friendship-tower.html,5,5,"https://www.google.com/maps/search/?api=1&query=T%C3%B2a%20nh%C3%A0%20Friendship%20Tower%20-%20Office%20Saigon&query_place_id=ChIJ5a2_sI0vdTER_U180xLs9kE","offices Ho Chi Minh City Vietnam"
96,"Cushman & Wakefield Vietnam","Commercial real estate agency","Lim Tower, 9 - 11 Tôn Đức Thắng, street, Sài Gòn, Hồ Chí Minh 700000, Vietnam",+84 28 3823 7968,https://www.cushmanwakefield.com/vi-vn/vietnam,4.8,6,"https://www.google.com/maps/search/?api=1&query=Cushman%20%26%20Wakefield%20Vietnam&query_place_id=ChIJR9uJ2EcvdTERCnmbp_gxSvs","property management company Ho Chi Minh City"
97,"Skycure Serviced Apartments","Extended stay hotel","102A Tôn Thất Tùng, Bến Thành, Hồ Chí Minh 700000, Vietnam",+84 989 664 479,,4.8,24,"https://www.google.com/maps/search/?api=1&query=Skycure%20Serviced%20Apartments&query_place_id=ChIJkewsZJYvdTERLiRxFiGJqrE","serviced apartments Ho Chi Minh City"
98,"NTA Tower (Offices and Hotel-serviced Apartments)","Hotel","171-173 Điện Biên Phủ, Tân Định, Hồ Chí Minh 700000, Vietnam",+84 28 3914 9999,https://www.ntatower.com/,4.2,73,"https://www.google.com/maps/search/?api=1&query=NTA%20Tower%20(Offices%20and%20Hotel-serviced%20Apartments)&query_place_id=ChIJyXsFt8cvdTERufOfb-ilAXI","serviced apartments Ho Chi Minh City"
99,"Lavis 18 Residence Ho Chi Minh City","Furnished apartment building","18 Street No.3, Ward 4, Bàn Cờ, Hồ Chí Minh 700000, Vietnam",+84 28 3929 6923,https://lavis18.com/,4.1,157,"https://www.google.com/maps/search/?api=1&query=Lavis%2018%20Residence%20Ho%20Chi%20Minh%20City&query_place_id=ChIJ1wONXSEvdTERcf8jSTN_W_o","serviced apartments Ho Chi Minh City"
100,"Quán Lười - Work and Study Space","Coworking space","402 Đ. Nguyễn Văn Trỗi, Phú Lợi, Hồ Chí Minh, Vietnam",+84 965 295 264,,4.8,23,"https://www.google.com/maps/search/?api=1&query=Qu%C3%A1n%20L%C6%B0%E1%BB%9Di%20-%20Work%20and%20Study%20Space&query_place_id=ChIJy-euZI_RdDER-Doc_chWRVk","coworking space Ho Chi Minh City Vietnam"
